id,pressure,currentdate,currentime,device
25151,"97444.476562
","2019-05-06 09:05:37.716243",,/BSO-2
25153,"97444.484375
","2019-05-06 09:05:47.830616",,/BSO-2
25155,"97443.257812
","2019-05-06 09:05:57.908162",,/BSO-2
25157,"97444.304688
","2019-05-06 09:06:08.081776",,/BSO-2
25159,"97444.539062
","2019-05-06 09:06:18.339144",,/BSO-2
25161,"97444.453125
","2019-05-06 09:06:27.393186",,/BSO-2
25163,"97445.867188
","2019-05-06 09:06:37.726426",,/BSO-2
25165,"97445.671875
","2019-05-06 09:06:47.823815",,/BSO-2
25167,"97445.195312
","2019-05-06 09:06:57.929171",,/BSO-2
25169,"97446.476562
","2019-05-06 09:07:08.013915",,/BSO-2
25171,"97446.765625
","2019-05-06 09:07:18.111486",,/BSO-2
25173,"97446.773438
","2019-05-06 09:07:28.212892",,/BSO-2
25175,"97445.101562
","2019-05-06 09:07:37.257729",,/BSO-2
25177,"97447.539062
","2019-05-06 09:07:47.811791",,/BSO-2
25179,"97447.476562
","2019-05-06 09:07:57.971094",,/BSO-2
25181,"97446.148438
","2019-05-06 09:08:08.052911",,/BSO-2
25183,"97447.101562
","2019-05-06 09:08:18.128574",,/BSO-2
25185,"97448.398438
","2019-05-06 09:08:28.315955",,/BSO-2
25187,"97446.914062
","2019-05-06 09:08:37.362327",,/BSO-2
25189,"97446.703125
","2019-05-06 09:08:47.443473",,/BSO-2
25191,"97443.515625
","2019-05-06 09:08:57.639404",,/BSO-2
25193,"97442.585938
","2019-05-06 09:09:07.933431",,/BSO-2
25195,"97444.281250
","2019-05-06 09:09:18.003994",,/BSO-2
25197,"97442.828125
","2019-05-06 09:09:28.063836",,/BSO-2
25199,"97444.507812
","2019-05-06 09:09:38.129849",,/BSO-2
25201,"97445.000000
","2019-05-06 09:09:48.213887",,/BSO-2
25203,"97445.062500
","2019-05-06 09:09:57.252624",,/BSO-2
25205,"97443.609375
","2019-05-06 09:10:07.324921",,/BSO-2
25207,"97443.054688
","2019-05-06 09:10:17.466209",,/BSO-2
25209,"97444.726562
","2019-05-06 09:10:27.590594",,/BSO-2
25211,"97445.757812
","2019-05-06 09:10:37.769438",,/BSO-2
25213,"97445.953125
","2019-05-06 09:10:47.920948",,/BSO-2
25215,"97444.890625
","2019-05-06 09:10:58.003047",,/BSO-2
25217,"97444.304688
","2019-05-06 09:11:08.298770",,/BSO-2
25219,"97446.812500
","2019-05-06 09:11:17.388274",,/BSO-2
25221,"97447.328125
","2019-05-06 09:11:27.480904",,/BSO-2
25223,"97448.390625
","2019-05-06 09:11:38.015091",,/BSO-2
25225,"97446.476562
","2019-05-06 09:11:48.212679",,/BSO-2
25227,"97446.281250
","2019-05-06 09:11:57.266815",,/BSO-2
25229,"97443.953125
","2019-05-06 09:12:07.352204",,/BSO-2
25231,"97444.953125
","2019-05-06 09:12:17.444643",,/BSO-2
25233,"97443.406250
","2019-05-06 09:12:27.595555",,/BSO-2
25235,"97444.257812
","2019-05-06 09:12:37.707912",,/BSO-2
25237,"97443.234375
","2019-05-06 09:12:47.862092",,/BSO-2
25239,"97443.234375
","2019-05-06 09:12:58.017867",,/BSO-2
25241,"97442.242188
","2019-05-06 09:13:08.317502",,/BSO-2
25243,"97441.648438
","2019-05-06 09:13:17.734076",,/BSO-2
25245,"97444.078125
","2019-05-06 09:13:27.858510",,/BSO-2
25247,"97443.921875
","2019-05-06 09:13:38.000937",,/BSO-2
25249,"97444.859375
","2019-05-06 09:13:48.121738",,/BSO-2
25251,"97443.789062
","2019-05-06 09:13:58.226800",,/BSO-2
25253,"97444.718750
","2019-05-06 09:14:07.316603",,/BSO-2
25255,"97444.796875
","2019-05-06 09:14:17.401705",,/BSO-2
25257,"97445.953125
","2019-05-06 09:14:27.472123",,/BSO-2
25259,"97445.453125
","2019-05-06 09:14:37.798706",,/BSO-2
25261,"97444.953125
","2019-05-06 09:14:47.903785",,/BSO-2
25263,"97446.546875
","2019-05-06 09:14:57.996265",,/BSO-2
25265,"97448.765625
","2019-05-06 09:15:08.097835",,/BSO-2
25267,"97445.273438
","2019-05-06 09:15:18.218677",,/BSO-2
25269,"97447.453125
","2019-05-06 09:15:27.274724",,/BSO-2
25271,"97448.843750
","2019-05-06 09:15:37.389317",,/BSO-2
25273,"97448.859375
","2019-05-06 09:15:47.458609",,/BSO-2
25275,"97449.765625
","2019-05-06 09:15:57.848797",,/BSO-2
25277,"97451.351562
","2019-05-06 09:16:08.061733",,/BSO-2
25279,"97451.054688
","2019-05-06 09:16:18.325200",,/BSO-2
25281,"97450.632812
","2019-05-06 09:16:27.347837",,/BSO-2
25283,"97452.453125
","2019-05-06 09:16:37.442655",,/BSO-2
25285,"97451.554688
","2019-05-06 09:16:47.518252",,/BSO-2
25287,"97451.562500
","2019-05-06 09:16:57.616585",,/BSO-2
25289,"97451.476562
","2019-05-06 09:17:07.753486",,/BSO-2
25291,"97451.734375
","2019-05-06 09:17:17.891473",,/BSO-2
25293,"97450.554688
","2019-05-06 09:17:27.956622",,/BSO-2
25295,"97448.789062
","2019-05-06 09:17:38.082589",,/BSO-2
25297,"97448.828125
","2019-05-06 09:17:48.205187",,/BSO-2
25299,"97447.609375
","2019-05-06 09:17:58.352368",,/BSO-2
25301,"97452.226562
","2019-05-06 09:18:07.379513",,/BSO-2
25303,"97449.164062
","2019-05-06 09:18:17.496693",,/BSO-2
25305,"97449.914062
","2019-05-06 09:18:27.712621",,/BSO-2
25307,"97447.296875
","2019-05-06 09:18:37.854077",,/BSO-2
25309,"97448.828125
","2019-05-06 09:18:47.930206",,/BSO-2
25311,"97450.562500
","2019-05-06 09:18:58.008192",,/BSO-2
25313,"97449.148438
","2019-05-06 09:19:08.112312",,/BSO-2
25315,"97448.031250
","2019-05-06 09:19:18.235606",,/BSO-2
25317,"97450.421875
","2019-05-06 09:19:27.260691",,/BSO-2
25319,"97449.523438
","2019-05-06 09:19:37.357863",,/BSO-2
25321,"97448.773438
","2019-05-06 09:19:47.425122",,/BSO-2
25323,"97451.757812
","2019-05-06 09:19:57.509567",,/BSO-2
25325,"97448.703125
","2019-05-06 09:20:07.601717",,/BSO-2
25327,"97452.226562
","2019-05-06 09:20:17.717376",,/BSO-2
25329,"97451.265625
","2019-05-06 09:20:27.816688",,/BSO-2
25331,"97453.546875
","2019-05-06 09:20:37.901879",,/BSO-2
25333,"97451.664062
","2019-05-06 09:20:47.979832",,/BSO-2
25335,"97452.593750
","2019-05-06 09:20:58.120256",,/BSO-2
25337,"97452.890625
","2019-05-06 09:21:07.353425",,/BSO-2
25339,"97450.898438
","2019-05-06 09:21:17.433473",,/BSO-2
25341,"97451.007812
","2019-05-06 09:21:27.492764",,/BSO-2
25343,"97452.078125
","2019-05-06 09:21:37.564811",,/BSO-2
25345,"97452.679688
","2019-05-06 09:21:47.634590",,/BSO-2
25347,"97452.250000
","2019-05-06 09:21:57.761910",,/BSO-2
25349,"97453.867188
","2019-05-06 09:22:07.913353",,/BSO-2
25351,"97452.140625
","2019-05-06 09:22:18.187210",,/BSO-2
25353,"97451.445312
","2019-05-06 09:22:28.293549",,/BSO-2
25355,"97452.984375
","2019-05-06 09:22:37.333764",,/BSO-2
25357,"97451.812500
","2019-05-06 09:22:47.405919",,/BSO-2
25359,"97453.890625
","2019-05-06 09:22:57.489399",,/BSO-2
25361,"97454.062500
","2019-05-06 09:23:07.586950",,/BSO-2
25363,"97451.578125
","2019-05-06 09:23:17.811748",,/BSO-2
25365,"97451.820312
","2019-05-06 09:23:28.073834",,/BSO-2
25367,"97454.140625
","2019-05-06 09:23:37.975839",,/BSO-2
25369,"97453.929688
","2019-05-06 09:23:48.094856",,/BSO-2
25371,"97455.578125
","2019-05-06 09:23:58.357795",,/BSO-2
25373,"97453.015625
","2019-05-06 09:24:07.392700",,/BSO-2
25378,"97454.109375
","2019-05-06 09:24:48.081303",,/BSO-2
25380,"97454.382812
","2019-05-06 09:24:58.260691",,/BSO-2
25382,"97455.007812
","2019-05-06 09:25:08.398014",,/BSO-2
25384,"97453.382812
","2019-05-06 09:25:18.477090",,/BSO-2
25386,"97453.687500
","2019-05-06 09:25:28.563246",,/BSO-2
25388,"97452.492188
","2019-05-06 09:25:38.685634",,/BSO-2
25390,"97454.351562
","2019-05-06 09:25:48.774474",,/BSO-2
25392,"97455.203125
","2019-05-06 09:25:57.837754",,/BSO-2
25394,"97454.070312
","2019-05-06 09:26:07.968305",,/BSO-2
25396,"97454.609375
","2019-05-06 09:26:18.115183",,/BSO-2
25398,"97456.015625
","2019-05-06 09:26:28.270387",,/BSO-2
25400,"97454.234375
","2019-05-06 09:26:38.363852",,/BSO-2
25402,"97453.718750
","2019-05-06 09:26:48.565239",,/BSO-2
25404,"97453.062500
","2019-05-06 09:26:58.637026",,/BSO-2
25406,"97453.859375
","2019-05-06 09:27:08.717826",,/BSO-2
25408,"97453.148438
","2019-05-06 09:27:18.840808",,/BSO-2
25410,"97453.984375
","2019-05-06 09:27:27.874605",,/BSO-2
25412,"97452.578125
","2019-05-06 09:27:37.964435",,/BSO-2
25414,"97451.265625
","2019-05-06 09:27:48.042860",,/BSO-2
25416,"97453.734375
","2019-05-06 09:27:58.188585",,/BSO-2
25418,"97451.640625
","2019-05-06 09:28:08.258038",,/BSO-2
25420,"97454.710938
","2019-05-06 09:28:18.316132",,/BSO-2
25422,"97453.390625
","2019-05-06 09:28:28.436533",,/BSO-2
25424,"97452.585938
","2019-05-06 09:28:38.511772",,/BSO-2
25426,"97452.734375
","2019-05-06 09:28:48.601085",,/BSO-2
25428,"97452.242188
","2019-05-06 09:28:58.717348",,/BSO-2
25430,"97453.734375
","2019-05-06 09:29:08.831165",,/BSO-2
25432,"97453.765625
","2019-05-06 09:29:17.887993",,/BSO-2
25434,"97454.171875
","2019-05-06 09:29:28.006649",,/BSO-2
25436,"97451.109375
","2019-05-06 09:29:38.079654",,/BSO-2
25438,"97454.046875
","2019-05-06 09:29:48.179731",,/BSO-2
25440,"97454.164062
","2019-05-06 09:29:58.276366",,/BSO-2
25442,"97453.656250
","2019-05-06 09:30:08.435754",,/BSO-2
25444,"97453.460938
","2019-05-06 09:30:18.585628",,/BSO-2
25446,"97454.500000
","2019-05-06 09:30:28.739141",,/BSO-2
25451,"97456.554688
","2019-05-06 09:31:09.375175",,/BSO-2
25456,"97455.296875
","2019-05-06 09:31:49.893099",,/BSO-2
25458,"97455.148438
","2019-05-06 09:32:00.026692",,/BSO-2
25460,"97453.367188
","2019-05-06 09:32:10.099858",,/BSO-2
25462,"97455.898438
","2019-05-06 09:32:20.225922",,/BSO-2
25463,"97456.953125
","2019-05-06 09:32:30.318574",,/BSO-2
25464,"97458.320312
","2019-05-06 09:32:40.428325",,/BSO-2
25465,"97458.132812
","2019-05-06 09:32:50.498561",,/BSO-2
25467,"97457.015625
","2019-05-06 09:33:00.577644",,/BSO-2
25469,"97456.750000
","2019-05-06 09:33:10.689329",,/BSO-2
25471,"97457.875000
","2019-05-06 09:33:20.755582",,/BSO-2
25473,"97458.078125
","2019-05-06 09:33:29.778449",,/BSO-2
25475,"97456.992188
","2019-05-06 09:33:39.855064",,/BSO-2
25477,"97456.625000
","2019-05-06 09:33:49.995882",,/BSO-2
25479,"97455.734375
","2019-05-06 09:34:00.084547",,/BSO-2
25481,"97456.390625
","2019-05-06 09:34:10.172299",,/BSO-2
25483,"97455.164062
","2019-05-06 09:34:20.230371",,/BSO-2
25485,"97455.507812
","2019-05-06 09:34:30.315266",,/BSO-2
25487,"97455.226562
","2019-05-06 09:34:40.403207",,/BSO-2
25489,"97455.335938
","2019-05-06 09:34:50.488798",,/BSO-2
25491,"97454.859375
","2019-05-06 09:35:00.564287",,/BSO-2
25493,"97454.484375
","2019-05-06 09:35:10.657673",,/BSO-2
25495,"97453.234375
","2019-05-06 09:35:20.730346",,/BSO-2
25497,"97451.179688
","2019-05-06 09:35:29.773037",,/BSO-2
25499,"97452.789062
","2019-05-06 09:35:40.009886",,/BSO-2
25501,"97452.804688
","2019-05-06 09:35:50.101974",,/BSO-2
25503,"97452.875000
","2019-05-06 09:36:00.165397",,/BSO-2
25505,"97450.789062
","2019-05-06 09:36:10.236199",,/BSO-2
25507,"97451.445312
","2019-05-06 09:36:20.316210",,/BSO-2
25509,"97454.304688
","2019-05-06 09:36:30.388600",,/BSO-2
25511,"97452.187500
","2019-05-06 09:36:40.467749",,/BSO-2
25513,"97452.953125
","2019-05-06 09:36:50.537397",,/BSO-2
25515,"97454.429688
","2019-05-06 09:37:00.614330",,/BSO-2
25517,"97452.031250
","2019-05-06 09:37:10.675172",,/BSO-2
25519,"97453.195312
","2019-05-06 09:37:20.763768",,/BSO-2
25521,"97451.500000
","2019-05-06 09:37:29.792646",,/BSO-2
25523,"97452.617188
","2019-05-06 09:37:39.855375",,/BSO-2
25525,"97454.125000
","2019-05-06 09:37:50.060528",,/BSO-2
25527,"97452.742188
","2019-05-06 09:38:00.148918",,/BSO-2
25529,"97451.812500
","2019-05-06 09:38:10.218822",,/BSO-2
25531,"97451.367188
","2019-05-06 09:38:20.297615",,/BSO-2
25533,"97452.835938
","2019-05-06 09:38:30.364609",,/BSO-2
25535,"97451.171875
","2019-05-06 09:38:40.437059",,/BSO-2
25537,"97452.171875
","2019-05-06 09:38:50.508040",,/BSO-2
25539,"97453.140625
","2019-05-06 09:39:00.609680",,/BSO-2
25541,"97451.742188
","2019-05-06 09:39:10.690283",,/BSO-2
25543,"97452.992188
","2019-05-06 09:39:20.746519",,/BSO-2
25545,"97452.812500
","2019-05-06 09:39:29.788864",,/BSO-2
25547,"97453.906250
","2019-05-06 09:39:39.847586",,/BSO-2
25549,"97451.742188
","2019-05-06 09:39:49.919268",,/BSO-2
25551,"97452.687500
","2019-05-06 09:39:59.988099",,/BSO-2
25553,"97451.273438
","2019-05-06 09:40:10.074596",,/BSO-2
25555,"97451.945312
","2019-05-06 09:40:20.185348",,/BSO-2
25557,"97452.734375
","2019-05-06 09:40:30.247333",,/BSO-2
25559,"97452.453125
","2019-05-06 09:40:40.307306",,/BSO-2
25561,"97452.812500
","2019-05-06 09:40:50.379142",,/BSO-2
25563,"97451.976562
","2019-05-06 09:41:00.439350",,/BSO-2
25565,"97451.687500
","2019-05-06 09:41:10.529412",,/BSO-2
25567,"97450.539062
","2019-05-06 09:41:20.587514",,/BSO-2
25569,"97452.812500
","2019-05-06 09:41:30.683565",,/BSO-2
25571,"97453.343750
","2019-05-06 09:41:40.800373",,/BSO-2
25573,"97451.859375
","2019-05-06 09:41:49.827518",,/BSO-2
25575,"97451.945312
","2019-05-06 09:41:59.890126",,/BSO-2
25577,"97451.078125
","2019-05-06 09:42:09.951279",,/BSO-2
25579,"97452.054688
","2019-05-06 09:42:20.038722",,/BSO-2
25581,"97454.593750
","2019-05-06 09:42:30.099673",,/BSO-2
25583,"97453.140625
","2019-05-06 09:42:40.181268",,/BSO-2
25585,"97451.531250
","2019-05-06 09:42:50.280670",,/BSO-2
25587,"97452.031250
","2019-05-06 09:43:00.362160",,/BSO-2
25589,"97452.078125
","2019-05-06 09:43:10.435080",,/BSO-2
25591,"97452.226562
","2019-05-06 09:43:20.545055",,/BSO-2
25593,"97452.140625
","2019-05-06 09:43:30.602980",,/BSO-2
25595,"97452.632812
","2019-05-06 09:43:40.670734",,/BSO-2
25597,"97451.828125
","2019-05-06 09:43:50.752863",,/BSO-2
25599,"97453.742188
","2019-05-06 09:43:59.790034",,/BSO-2
25601,"97454.304688
","2019-05-06 09:44:09.868336",,/BSO-2
25603,"97454.296875
","2019-05-06 09:44:19.929903",,/BSO-2
25605,"97454.250000
","2019-05-06 09:44:30.000740",,/BSO-2
25607,"97453.632812
","2019-05-06 09:44:40.100816",,/BSO-2
25609,"97454.015625
","2019-05-06 09:44:50.212206",,/BSO-2
25611,"97453.335938
","2019-05-06 09:45:00.284066",,/BSO-2
25613,"97453.234375
","2019-05-06 09:45:10.368566",,/BSO-2
25615,"97450.898438
","2019-05-06 09:45:20.432957",,/BSO-2
25617,"97452.625000
","2019-05-06 09:45:30.507709",,/BSO-2
25619,"97452.953125
","2019-05-06 09:45:40.566602",,/BSO-2
25621,"97454.570312
","2019-05-06 09:45:50.631373",,/BSO-2
25623,"97454.703125
","2019-05-06 09:46:00.719233",,/BSO-2
25625,"97453.765625
","2019-05-06 09:46:09.752389",,/BSO-2
25627,"97452.820312
","2019-05-06 09:46:19.812929",,/BSO-2
25629,"97452.890625
","2019-05-06 09:46:29.952080",,/BSO-2
25631,"97453.578125
","2019-05-06 09:46:40.086436",,/BSO-2
25633,"97452.234375
","2019-05-06 09:46:50.216531",,/BSO-2
25635,"97453.023438
","2019-05-06 09:47:00.346001",,/BSO-2
25637,"97452.421875
","2019-05-06 09:47:10.424858",,/BSO-2
25639,"97453.429688
","2019-05-06 09:47:20.505627",,/BSO-2
25641,"97454.328125
","2019-05-06 09:47:30.608445",,/BSO-2
25643,"97455.914062
","2019-05-06 09:47:40.690840",,/BSO-2
25645,"97455.117188
","2019-05-06 09:47:50.765735",,/BSO-2
25647,"97454.234375
","2019-05-06 09:47:59.802225",,/BSO-2
25649,"97454.671875
","2019-05-06 09:48:09.880978",,/BSO-2
25651,"97453.937500
","2019-05-06 09:48:19.983936",,/BSO-2
25653,"97455.882812
","2019-05-06 09:48:30.061689",,/BSO-2
25655,"97455.765625
","2019-05-06 09:48:40.177127",,/BSO-2
25657,"97455.617188
","2019-05-06 09:48:50.374489",,/BSO-2
25659,"97457.546875
","2019-05-06 09:49:00.474645",,/BSO-2
25661,"97458.054688
","2019-05-06 09:49:10.567658",,/BSO-2
25663,"97459.437500
","2019-05-06 09:49:20.624769",,/BSO-2
25665,"97457.765625
","2019-05-06 09:49:30.701995",,/BSO-2
25667,"97456.390625
","2019-05-06 09:49:40.788310",,/BSO-2
25669,"97457.531250
","2019-05-06 09:49:49.826318",,/BSO-2
25671,"97456.859375
","2019-05-06 09:49:59.885586",,/BSO-2
25673,"97457.179688
","2019-05-06 09:50:09.958189",,/BSO-2
25675,"97457.117188
","2019-05-06 09:50:20.025961",,/BSO-2
25677,"97457.078125
","2019-05-06 09:50:30.097536",,/BSO-2
25679,"97455.390625
","2019-05-06 09:50:40.169878",,/BSO-2
25681,"97458.859375
","2019-05-06 09:50:50.312842",,/BSO-2
25683,"97457.390625
","2019-05-06 09:51:00.470779",,/BSO-2
25685,"97457.937500
","2019-05-06 09:51:10.547568",,/BSO-2
25687,"97458.296875
","2019-05-06 09:51:20.608572",,/BSO-2
25689,"97457.046875
","2019-05-06 09:51:30.682593",,/BSO-2
25691,"97457.273438
","2019-05-06 09:51:40.835916",,/BSO-2
25693,"97458.171875
","2019-05-06 09:51:49.856642",,/BSO-2
25695,"97457.039062
","2019-05-06 09:51:59.927831",,/BSO-2
25697,"97456.867188
","2019-05-06 09:52:09.997875",,/BSO-2
25699,"97457.687500
","2019-05-06 09:52:20.068858",,/BSO-2
25701,"97457.171875
","2019-05-06 09:52:30.132574",,/BSO-2
25703,"97457.765625
","2019-05-06 09:52:40.200694",,/BSO-2
25705,"97456.726562
","2019-05-06 09:52:50.299878",,/BSO-2
25707,"97457.468750
","2019-05-06 09:53:00.428906",,/BSO-2
25709,"97456.945312
","2019-05-06 09:53:10.509440",,/BSO-2
25711,"97458.453125
","2019-05-06 09:53:20.583076",,/BSO-2
25713,"97458.234375
","2019-05-06 09:53:30.666475",,/BSO-2
25715,"97455.453125
","2019-05-06 09:53:40.782746",,/BSO-2
25717,"97458.609375
","2019-05-06 09:53:49.830228",,/BSO-2
25719,"97455.507812
","2019-05-06 09:53:59.908344",,/BSO-2
25721,"97453.921875
","2019-05-06 09:54:10.006089",,/BSO-2
25723,"97456.226562
","2019-05-06 09:54:20.070265",,/BSO-2
25725,"97456.945312
","2019-05-06 09:54:30.140080",,/BSO-2
25727,"97457.703125
","2019-05-06 09:54:40.212043",,/BSO-2
25729,"97456.671875
","2019-05-06 09:54:50.359759",,/BSO-2
25731,"97454.773438
","2019-05-06 09:55:00.483735",,/BSO-2
25733,"97456.484375
","2019-05-06 09:55:10.539324",,/BSO-2
25735,"97456.531250
","2019-05-06 09:55:20.602967",,/BSO-2
25737,"97456.906250
","2019-05-06 09:55:30.702179",,/BSO-2
25739,"97458.078125
","2019-05-06 09:55:40.772340",,/BSO-2
25741,"97456.601562
","2019-05-06 09:55:49.800617",,/BSO-2
25743,"97459.351562
","2019-05-06 09:55:59.899717",,/BSO-2
25745,"97458.976562
","2019-05-06 09:56:09.977620",,/BSO-2
25747,"97459.375000
","2019-05-06 09:56:20.042351",,/BSO-2
25749,"97458.789062
","2019-05-06 09:56:30.101779",,/BSO-2
25751,"97456.539062
","2019-05-06 09:56:40.163115",,/BSO-2
25753,"97456.148438
","2019-05-06 09:56:50.235760",,/BSO-2
25755,"97457.406250
","2019-05-06 09:57:00.412855",,/BSO-2
25757,"97456.500000
","2019-05-06 09:57:10.479447",,/BSO-2
25759,"97454.945312
","2019-05-06 09:57:20.546482",,/BSO-2
25761,"97455.078125
","2019-05-06 09:57:30.615522",,/BSO-2
25763,"97458.484375
","2019-05-06 09:57:40.688107",,/BSO-2
25765,"97457.109375
","2019-05-06 09:57:50.758022",,/BSO-2
25767,"97455.359375
","2019-05-06 09:57:59.783364",,/BSO-2
25769,"97456.687500
","2019-05-06 09:58:09.864378",,/BSO-2
25771,"97456.007812
","2019-05-06 09:58:19.937908",,/BSO-2
25773,"97455.882812
","2019-05-06 09:58:30.011204",,/BSO-2
25775,"97458.828125
","2019-05-06 09:58:40.077646",,/BSO-2
25777,"97455.578125
","2019-05-06 09:58:50.149122",,/BSO-2
25779,"97456.953125
","2019-05-06 09:59:00.219654",,/BSO-2
25781,"97457.484375
","2019-05-06 09:59:10.287157",,/BSO-2
25783,"97456.335938
","2019-05-06 09:59:20.485922",,/BSO-2
25785,"97456.484375
","2019-05-06 09:59:30.576506",,/BSO-2
25787,"97456.398438
","2019-05-06 09:59:40.646617",,/BSO-2
25789,"97456.296875
","2019-05-06 09:59:50.706993",,/BSO-2
25791,"97457.195312
","2019-05-06 10:00:00.822173",,/BSO-2
25793,"97456.195312
","2019-05-06 10:00:09.871569",,/BSO-2
25795,"97456.468750
","2019-05-06 10:00:19.930513",,/BSO-2
25797,"97455.484375
","2019-05-06 10:00:30.013116",,/BSO-2
25799,"97456.851562
","2019-05-06 10:00:40.070873",,/BSO-2
25801,"97457.328125
","2019-05-06 10:00:50.142820",,/BSO-2
25803,"97456.335938
","2019-05-06 10:01:00.212110",,/BSO-2
25805,"97456.000000
","2019-05-06 10:01:10.301968",,/BSO-2
25807,"97458.585938
","2019-05-06 10:01:20.440972",,/BSO-2
25809,"97458.304688
","2019-05-06 10:01:30.514928",,/BSO-2
25811,"97457.960938
","2019-05-06 10:01:40.574359",,/BSO-2
25813,"97458.976562
","2019-05-06 10:01:50.658057",,/BSO-2
25818,"97458.015625
","2019-05-06 10:02:29.917518",,/BSO-2
25820,"97458.765625
","2019-05-06 10:02:40.002689",,/BSO-2
25822,"97457.265625
","2019-05-06 10:02:50.068985",,/BSO-2
25824,"97459.218750
","2019-05-06 10:03:00.141963",,/BSO-2
25825,"97460.765625
","2019-05-06 10:03:10.224600",,/BSO-2
25826,"97458.281250
","2019-05-06 10:03:20.379494",,/BSO-2
25827,"97458.296875
","2019-05-06 10:03:30.546349",,/BSO-2
25829,"97459.015625
","2019-05-06 10:03:40.605928",,/BSO-2
25831,"97457.929688
","2019-05-06 10:03:50.670650",,/BSO-2
25833,"97460.000000
","2019-05-06 10:04:00.739355",,/BSO-2
25835,"97460.210938
","2019-05-06 10:04:09.783742",,/BSO-2
25837,"97461.414062
","2019-05-06 10:04:19.883397",,/BSO-2
25839,"97459.414062
","2019-05-06 10:04:29.953377",,/BSO-2
25841,"97460.859375
","2019-05-06 10:04:40.034700",,/BSO-2
25843,"97461.171875
","2019-05-06 10:04:50.102740",,/BSO-2
25845,"97460.156250
","2019-05-06 10:05:00.159925",,/BSO-2
25847,"97460.859375
","2019-05-06 10:05:10.232380",,/BSO-2
25849,"97460.148438
","2019-05-06 10:05:20.304557",,/BSO-2
25851,"97461.937500
","2019-05-06 10:05:30.476036",,/BSO-2
25853,"97461.406250
","2019-05-06 10:05:40.560258",,/BSO-2
25855,"97462.812500
","2019-05-06 10:05:50.671844",,/BSO-2
25857,"97463.578125
","2019-05-06 10:06:00.774855",,/BSO-2
25859,"97463.132812
","2019-05-06 10:06:09.800058",,/BSO-2
25861,"97463.234375
","2019-05-06 10:06:19.872582",,/BSO-2
25863,"97460.531250
","2019-05-06 10:06:30.012724",,/BSO-2
25865,"97460.554688
","2019-05-06 10:06:40.091021",,/BSO-2
25867,"97460.289062
","2019-05-06 10:06:50.183559",,/BSO-2
25869,"97462.273438
","2019-05-06 10:07:00.268012",,/BSO-2
25871,"97461.601562
","2019-05-06 10:07:10.359947",,/BSO-2
25873,"97459.976562
","2019-05-06 10:07:20.499328",,/BSO-2
25875,"97460.570312
","2019-05-06 10:07:30.584279",,/BSO-2
25877,"97460.109375
","2019-05-06 10:07:40.657768",,/BSO-2
25879,"97461.054688
","2019-05-06 10:07:50.718880",,/BSO-2
25881,"97461.562500
","2019-05-06 10:08:00.776367",,/BSO-2
25883,"97462.078125
","2019-05-06 10:08:09.816002",,/BSO-2
25885,"97461.117188
","2019-05-06 10:08:19.885838",,/BSO-2
25887,"97460.648438
","2019-05-06 10:08:29.954909",,/BSO-2
25889,"97459.484375
","2019-05-06 10:08:40.050239",,/BSO-2
25891,"97459.664062
","2019-05-06 10:08:50.117845",,/BSO-2
25893,"97460.265625
","2019-05-06 10:09:00.186588",,/BSO-2
25894,"97459.023438
","2019-05-06 10:09:10.276572",,/BSO-2
25895,"97459.328125
","2019-05-06 10:09:20.357414",,/BSO-2
25896,"97459.796875
","2019-05-06 10:09:30.489332",,/BSO-2
25898,"97460.648438
","2019-05-06 10:09:40.615542",,/BSO-2
25900,"97460.210938
","2019-05-06 10:09:50.676087",,/BSO-2
25902,"97461.343750
","2019-05-06 10:10:00.751027",,/BSO-2
25904,"97459.062500
","2019-05-06 10:10:09.785654",,/BSO-2
25906,"97459.539062
","2019-05-06 10:10:19.846933",,/BSO-2
25908,"97457.445312
","2019-05-06 10:10:29.910391",,/BSO-2
25910,"97459.578125
","2019-05-06 10:10:39.976798",,/BSO-2
25912,"97460.585938
","2019-05-06 10:10:50.058797",,/BSO-2
25914,"97459.765625
","2019-05-06 10:11:00.170612",,/BSO-2
25916,"97459.125000
","2019-05-06 10:11:10.306588",,/BSO-2
25918,"97458.976562
","2019-05-06 10:11:20.368432",,/BSO-2
25920,"97460.343750
","2019-05-06 10:11:30.490847",,/BSO-2
25922,"97460.984375
","2019-05-06 10:11:40.640774",,/BSO-2
25924,"97460.382812
","2019-05-06 10:11:50.730911",,/BSO-2
25926,"97461.148438
","2019-05-06 10:12:00.815684",,/BSO-2
25928,"97461.273438
","2019-05-06 10:12:09.847670",,/BSO-2
25930,"97461.671875
","2019-05-06 10:12:19.922607",,/BSO-2
25932,"97460.640625
","2019-05-06 10:12:29.999849",,/BSO-2
25934,"97463.500000
","2019-05-06 10:12:40.075358",,/BSO-2
25936,"97461.632812
","2019-05-06 10:12:50.197861",,/BSO-2
25938,"97462.054688
","2019-05-06 10:13:00.281109",,/BSO-2
25940,"97461.609375
","2019-05-06 10:13:10.360874",,/BSO-2
25942,"97464.593750
","2019-05-06 10:13:20.445615",,/BSO-2
25944,"97463.898438
","2019-05-06 10:13:30.670390",,/BSO-2
25946,"97463.171875
","2019-05-06 10:13:40.751237",,/BSO-2
25948,"97461.976562
","2019-05-06 10:13:49.779430",,/BSO-2
25950,"97464.046875
","2019-05-06 10:13:59.852105",,/BSO-2
25952,"97462.429688
","2019-05-06 10:14:09.944176",,/BSO-2
25954,"97464.101562
","2019-05-06 10:14:20.021104",,/BSO-2
25956,"97463.453125
","2019-05-06 10:14:30.100423",,/BSO-2
25958,"97463.968750
","2019-05-06 10:14:40.162672",,/BSO-2
25960,"97463.007812
","2019-05-06 10:14:50.237552",,/BSO-2
25962,"97462.703125
","2019-05-06 10:15:00.321807",,/BSO-2
25964,"97463.328125
","2019-05-06 10:15:10.381849",,/BSO-2
25966,"97465.515625
","2019-05-06 10:15:20.470511",,/BSO-2
25968,"97465.085938
","2019-05-06 10:15:30.554739",,/BSO-2
25970,"97463.890625
","2019-05-06 10:15:40.712111",,/BSO-2
25972,"97466.265625
","2019-05-06 10:15:50.781351",,/BSO-2
25974,"97467.640625
","2019-05-06 10:15:59.815197",,/BSO-2
25976,"97469.320312
","2019-05-06 10:16:09.904047",,/BSO-2
25978,"97469.203125
","2019-05-06 10:16:19.973699",,/BSO-2
25980,"97467.710938
","2019-05-06 10:16:30.046462",,/BSO-2
25982,"97469.296875
","2019-05-06 10:16:40.105711",,/BSO-2
25984,"97473.765625
","2019-05-06 10:16:50.173803",,/BSO-2
25986,"97471.351562
","2019-05-06 10:17:00.264240",,/BSO-2
25988,"97471.359375
","2019-05-06 10:17:10.328213",,/BSO-2
25990,"97473.078125
","2019-05-06 10:17:20.394713",,/BSO-2
25992,"97472.257812
","2019-05-06 10:17:30.463835",,/BSO-2
25994,"97474.531250
","2019-05-06 10:17:40.552452",,/BSO-2
25996,"97473.328125
","2019-05-06 10:17:50.674748",,/BSO-2
25998,"97473.539062
","2019-05-06 10:18:00.816781",,/BSO-2
26000,"97474.539062
","2019-05-06 10:18:09.866023",,/BSO-2
26002,"97474.445312
","2019-05-06 10:18:19.944211",,/BSO-2
26004,"97474.273438
","2019-05-06 10:18:30.016570",,/BSO-2
26006,"97474.734375
","2019-05-06 10:18:40.074477",,/BSO-2
26008,"97474.109375
","2019-05-06 10:18:50.159424",,/BSO-2
26010,"97475.953125
","2019-05-06 10:19:00.245108",,/BSO-2
26012,"97475.398438
","2019-05-06 10:19:10.316224",,/BSO-2
26014,"97476.093750
","2019-05-06 10:19:20.377847",,/BSO-2
26016,"97477.234375
","2019-05-06 10:19:30.472976",,/BSO-2
26018,"97480.203125
","2019-05-06 10:19:40.538472",,/BSO-2
26020,"97479.007812
","2019-05-06 10:19:50.663024",,/BSO-2
26022,"97478.328125
","2019-05-06 10:20:00.988420",,/BSO-2
26024,"97479.234375
","2019-05-06 10:20:10.014978",,/BSO-2
26026,"97478.046875
","2019-05-06 10:20:20.114601",,/BSO-2
26028,"97478.390625
","2019-05-06 10:20:30.187807",,/BSO-2
26030,"97479.007812
","2019-05-06 10:20:40.279327",,/BSO-2
26032,"97480.046875
","2019-05-06 10:20:50.372209",,/BSO-2
26034,"97479.703125
","2019-05-06 10:21:00.444166",,/BSO-2
26036,"97479.609375
","2019-05-06 10:21:10.507970",,/BSO-2
26038,"97479.460938
","2019-05-06 10:21:20.608309",,/BSO-2
26040,"97479.851562
","2019-05-06 10:21:30.698847",,/BSO-2
26042,"97482.101562
","2019-05-06 10:21:40.760960",,/BSO-2
26044,"97480.460938
","2019-05-06 10:21:49.818557",,/BSO-2
26045,"97479.109375
","2019-05-06 10:21:59.934000",,/BSO-2
26046,"97479.562500
","2019-05-06 10:22:09.999317",,/BSO-2
26047,"97480.671875
","2019-05-06 10:22:20.092536",,/BSO-2
26049,"97478.156250
","2019-05-06 10:22:30.157097",,/BSO-2
26051,"97481.687500
","2019-05-06 10:22:40.228166",,/BSO-2
26053,"97481.414062
","2019-05-06 10:22:50.316765",,/BSO-2
26055,"97482.117188
","2019-05-06 10:23:00.392309",,/BSO-2
26057,"97482.437500
","2019-05-06 10:23:10.462798",,/BSO-2
26059,"97483.382812
","2019-05-06 10:23:20.542663",,/BSO-2
26061,"97484.828125
","2019-05-06 10:23:30.624454",,/BSO-2
26063,"97482.867188
","2019-05-06 10:23:40.803379",,/BSO-2
26065,"97484.164062
","2019-05-06 10:23:49.828937",,/BSO-2
26067,"97483.359375
","2019-05-06 10:23:59.890779",,/BSO-2
26069,"97483.382812
","2019-05-06 10:24:09.982926",,/BSO-2
26071,"97483.062500
","2019-05-06 10:24:20.051981",,/BSO-2
26073,"97481.953125
","2019-05-06 10:24:30.149502",,/BSO-2
26075,"97483.476562
","2019-05-06 10:24:40.219770",,/BSO-2
26077,"97483.085938
","2019-05-06 10:24:50.304397",,/BSO-2
26079,"97482.179688
","2019-05-06 10:25:00.373318",,/BSO-2
26081,"97483.398438
","2019-05-06 10:25:10.442808",,/BSO-2
26083,"97483.210938
","2019-05-06 10:25:20.526441",,/BSO-2
26085,"97482.375000
","2019-05-06 10:25:30.594160",,/BSO-2
26087,"97483.734375
","2019-05-06 10:25:40.652380",,/BSO-2
26089,"97483.960938
","2019-05-06 10:25:50.869352",,/BSO-2
26091,"97484.000000
","2019-05-06 10:25:59.900847",,/BSO-2
26093,"97483.726562
","2019-05-06 10:26:09.971793",,/BSO-2
26095,"97484.625000
","2019-05-06 10:26:20.042654",,/BSO-2
26097,"97482.945312
","2019-05-06 10:26:30.118670",,/BSO-2
26099,"97482.687500
","2019-05-06 10:26:40.184773",,/BSO-2
26101,"97481.757812
","2019-05-06 10:26:50.258338",,/BSO-2
26103,"97482.140625
","2019-05-06 10:27:00.337978",,/BSO-2
26105,"97482.851562
","2019-05-06 10:27:10.426139",,/BSO-2
26107,"97483.312500
","2019-05-06 10:27:20.486443",,/BSO-2
26109,"97480.890625
","2019-05-06 10:27:30.546142",,/BSO-2
26111,"97482.515625
","2019-05-06 10:27:40.608513",,/BSO-2
26113,"97482.773438
","2019-05-06 10:27:50.674244",,/BSO-2
26115,"97483.343750
","2019-05-06 10:28:00.865889",,/BSO-2
26117,"97483.265625
","2019-05-06 10:28:09.892984",,/BSO-2
26119,"97482.304688
","2019-05-06 10:28:19.965278",,/BSO-2
26121,"97482.304688
","2019-05-06 10:28:30.037267",,/BSO-2
26123,"97483.000000
","2019-05-06 10:28:40.117923",,/BSO-2
26125,"97483.335938
","2019-05-06 10:28:50.219942",,/BSO-2
26127,"97482.296875
","2019-05-06 10:29:00.284851",,/BSO-2
26129,"97485.468750
","2019-05-06 10:29:10.366549",,/BSO-2
26131,"97484.031250
","2019-05-06 10:29:20.449998",,/BSO-2
26133,"97484.703125
","2019-05-06 10:29:30.537302",,/BSO-2
26135,"97484.601562
","2019-05-06 10:29:40.628154",,/BSO-2
26137,"97483.539062
","2019-05-06 10:29:50.746445",,/BSO-2
26139,"97484.789062
","2019-05-06 10:30:00.838429",,/BSO-2
26141,"97486.562500
","2019-05-06 10:30:09.923408",,/BSO-2
26143,"97485.421875
","2019-05-06 10:30:19.999547",,/BSO-2
26145,"97484.968750
","2019-05-06 10:30:30.087023",,/BSO-2
26147,"97485.625000
","2019-05-06 10:30:40.158028",,/BSO-2
26149,"97483.687500
","2019-05-06 10:30:50.230796",,/BSO-2
26151,"97486.320312
","2019-05-06 10:31:00.301016",,/BSO-2
26153,"97485.515625
","2019-05-06 10:31:10.368436",,/BSO-2
26155,"97483.960938
","2019-05-06 10:31:20.440423",,/BSO-2
26157,"97484.984375
","2019-05-06 10:31:30.523036",,/BSO-2
26159,"97484.367188
","2019-05-06 10:31:40.616523",,/BSO-2
26161,"97485.679688
","2019-05-06 10:31:50.689834",,/BSO-2
26163,"97484.984375
","2019-05-06 10:32:00.840359",,/BSO-2
26165,"97487.796875
","2019-05-06 10:32:09.868687",,/BSO-2
26167,"97486.476562
","2019-05-06 10:32:19.946629",,/BSO-2
26169,"97485.421875
","2019-05-06 10:32:30.017239",,/BSO-2
26174,"97486.828125
","2019-05-06 10:33:10.077373",,/BSO-2
26176,"97486.046875
","2019-05-06 10:33:20.150977",,/BSO-2
26178,"97483.929688
","2019-05-06 10:33:30.210220",,/BSO-2
26180,"97482.875000
","2019-05-06 10:33:40.281984",,/BSO-2
26182,"97485.000000
","2019-05-06 10:33:50.341788",,/BSO-2
26184,"97484.148438
","2019-05-06 10:34:00.447215",,/BSO-2
26186,"97484.296875
","2019-05-06 10:34:10.544315",,/BSO-2
26188,"97484.125000
","2019-05-06 10:34:20.609951",,/BSO-2
26190,"97483.078125
","2019-05-06 10:34:30.682654",,/BSO-2
26192,"97482.750000
","2019-05-06 10:34:40.764070",,/BSO-2
26194,"97483.359375
","2019-05-06 10:34:50.981632",,/BSO-2
26196,"97482.867188
","2019-05-06 10:35:00.020088",,/BSO-2
26198,"97483.203125
","2019-05-06 10:35:10.090648",,/BSO-2
26200,"97483.281250
","2019-05-06 10:35:20.188866",,/BSO-2
26202,"97483.437500
","2019-05-06 10:35:30.263265",,/BSO-2
26204,"97483.773438
","2019-05-06 10:35:40.321807",,/BSO-2
26206,"97482.085938
","2019-05-06 10:35:50.381815",,/BSO-2
26208,"97481.796875
","2019-05-06 10:36:00.452402",,/BSO-2
26210,"97482.312500
","2019-05-06 10:36:10.604845",,/BSO-2
26212,"97482.984375
","2019-05-06 10:36:20.714597",,/BSO-2
26214,"97481.953125
","2019-05-06 10:36:30.824885",,/BSO-2
26216,"97481.937500
","2019-05-06 10:36:39.852073",,/BSO-2
26218,"97482.171875
","2019-05-06 10:36:49.936787",,/BSO-2
26220,"97481.390625
","2019-05-06 10:37:00.006868",,/BSO-2
26222,"97484.234375
","2019-05-06 10:37:10.084714",,/BSO-2
26224,"97482.437500
","2019-05-06 10:37:20.153600",,/BSO-2
26226,"97482.726562
","2019-05-06 10:37:30.226055",,/BSO-2
26228,"97484.203125
","2019-05-06 10:37:40.298109",,/BSO-2
26230,"97482.289062
","2019-05-06 10:37:50.366399",,/BSO-2
26232,"97485.328125
","2019-05-06 10:38:00.434841",,/BSO-2
26234,"97482.734375
","2019-05-06 10:38:10.497539",,/BSO-2
26236,"97483.671875
","2019-05-06 10:38:20.578748",,/BSO-2
26238,"97483.453125
","2019-05-06 10:38:30.659371",,/BSO-2
26240,"97484.765625
","2019-05-06 10:38:40.807511",,/BSO-2
26242,"97485.421875
","2019-05-06 10:38:49.843593",,/BSO-2
26244,"97483.609375
","2019-05-06 10:38:59.948780",,/BSO-2
26246,"97485.375000
","2019-05-06 10:39:10.031653",,/BSO-2
26248,"97486.078125
","2019-05-06 10:39:20.119059",,/BSO-2
26250,"97486.257812
","2019-05-06 10:39:30.177061",,/BSO-2
26252,"97485.664062
","2019-05-06 10:39:40.260490",,/BSO-2
26254,"97484.921875
","2019-05-06 10:39:50.345830",,/BSO-2
26256,"97486.195312
","2019-05-06 10:40:00.615536",,/BSO-2
26258,"97487.515625
","2019-05-06 10:40:10.788604",,/BSO-2
26260,"97487.796875
","2019-05-06 10:40:19.825550",,/BSO-2
26262,"97487.218750
","2019-05-06 10:40:29.980426",,/BSO-2
26264,"97488.835938
","2019-05-06 10:40:40.053405",,/BSO-2
26266,"97489.078125
","2019-05-06 10:40:50.166672",,/BSO-2
26268,"97489.046875
","2019-05-06 10:41:00.241465",,/BSO-2
26270,"97488.789062
","2019-05-06 10:41:10.329873",,/BSO-2
26272,"97489.257812
","2019-05-06 10:41:20.402158",,/BSO-2
26274,"97489.539062
","2019-05-06 10:41:30.485236",,/BSO-2
26276,"97488.171875
","2019-05-06 10:41:40.558969",,/BSO-2
26278,"97489.796875
","2019-05-06 10:41:50.642295",,/BSO-2
26280,"97489.640625
","2019-05-06 10:42:00.711931",,/BSO-2
26282,"97487.867188
","2019-05-06 10:42:10.782016",,/BSO-2
26284,"97486.859375
","2019-05-06 10:42:19.809174",,/BSO-2
26286,"97489.390625
","2019-05-06 10:42:29.952551",,/BSO-2
26288,"97489.085938
","2019-05-06 10:42:40.084005",,/BSO-2
26290,"97489.109375
","2019-05-06 10:42:50.170534",,/BSO-2
26292,"97489.726562
","2019-05-06 10:43:00.275974",,/BSO-2
26294,"97491.546875
","2019-05-06 10:43:10.354911",,/BSO-2
26296,"97491.132812
","2019-05-06 10:43:20.411691",,/BSO-2
26298,"97492.750000
","2019-05-06 10:43:30.487647",,/BSO-2
26300,"97493.000000
","2019-05-06 10:43:40.559747",,/BSO-2
26302,"97492.117188
","2019-05-06 10:43:50.635171",,/BSO-2
26304,"97493.335938
","2019-05-06 10:44:00.713359",,/BSO-2
26306,"97494.515625
","2019-05-06 10:44:10.783951",,/BSO-2
26308,"97493.148438
","2019-05-06 10:44:19.813299",,/BSO-2
26310,"97493.914062
","2019-05-06 10:44:30.026642",,/BSO-2
26312,"97493.328125
","2019-05-06 10:44:40.150292",,/BSO-2
26314,"97493.421875
","2019-05-06 10:44:50.217747",,/BSO-2
26316,"97490.523438
","2019-05-06 10:45:00.287195",,/BSO-2
26318,"97493.406250
","2019-05-06 10:45:10.424891",,/BSO-2
26320,"97492.046875
","2019-05-06 10:45:20.496682",,/BSO-2
26322,"97492.835938
","2019-05-06 10:45:30.554629",,/BSO-2
26324,"97491.742188
","2019-05-06 10:45:40.624237",,/BSO-2
26326,"97490.445312
","2019-05-06 10:45:50.710659",,/BSO-2
26328,"97487.507812
","2019-05-06 10:46:00.896140",,/BSO-2
26334,"108332.171875
","2019-05-06 10:46:05.440223",,/BSO-2
26336,"97484.515625
","2019-05-06 10:46:05.515693",,/BSO-2
26338,"97484.515625
","2019-05-06 10:46:05.590439",,/BSO-2
26339,"97482.742188
","2019-05-06 10:46:05.628235",,/BSO-2
26340,"97482.742188
","2019-05-06 10:46:05.679752",,/BSO-2
26341,"97482.742188
","2019-05-06 10:46:05.717560",,/BSO-2
26350,"97486.593750
","2019-05-06 10:46:17.445075",,/BSO-2
26352,"97484.234375
","2019-05-06 10:46:27.517486",,/BSO-2
26354,"97485.226562
","2019-05-06 10:46:37.585640",,/BSO-2
26356,"97485.914062
","2019-05-06 10:46:47.654036",,/BSO-2
26358,"97484.898438
","2019-05-06 10:46:57.752382",,/BSO-2
26360,"97485.750000
","2019-05-06 10:47:07.822306",,/BSO-2
26362,"97487.054688
","2019-05-06 10:47:17.882853",,/BSO-2
26364,"97486.601562
","2019-05-06 10:47:27.937171",,/BSO-2
26366,"97486.328125
","2019-05-06 10:47:38.005970",,/BSO-2
26368,"97486.367188
","2019-05-06 10:47:48.080953",,/BSO-2
26370,"97485.140625
","2019-05-06 10:47:58.138520",,/BSO-2
26372,"97485.695312
","2019-05-06 10:48:08.210261",,/BSO-2
26374,"97484.726562
","2019-05-06 10:48:18.271108",,/BSO-2
26376,"97484.507812
","2019-05-06 10:48:27.296351",,/BSO-2
26378,"97487.109375
","2019-05-06 10:48:37.366834",,/BSO-2
26380,"97485.257812
","2019-05-06 10:48:47.438792",,/BSO-2
26382,"97485.359375
","2019-05-06 10:48:57.531662",,/BSO-2
26384,"97485.023438
","2019-05-06 10:49:07.598172",,/BSO-2
26386,"97486.406250
","2019-05-06 10:49:17.678314",,/BSO-2
26388,"97485.539062
","2019-05-06 10:49:27.756549",,/BSO-2
26390,"97485.859375
","2019-05-06 10:49:37.878755",,/BSO-2
26392,"97488.593750
","2019-05-06 10:49:47.939745",,/BSO-2
26394,"97491.304688
","2019-05-06 10:49:58.013708",,/BSO-2
26396,"97490.054688
","2019-05-06 10:50:08.071801",,/BSO-2
26398,"97489.992188
","2019-05-06 10:50:18.155753",,/BSO-2
26400,"97492.570312
","2019-05-06 10:50:28.202196",,/BSO-2
26402,"97491.296875
","2019-05-06 10:50:39.360952",,/BSO-2
26404,"97491.703125
","2019-05-06 10:50:48.328890",,/BSO-2
26406,"97491.187500
","2019-05-06 10:50:57.361073",,/BSO-2
26408,"97492.867188
","2019-05-06 10:51:07.435196",,/BSO-2
26410,"97491.710938
","2019-05-06 10:51:17.557630",,/BSO-2
26412,"97492.164062
","2019-05-06 10:51:27.623420",,/BSO-2
26414,"97493.632812
","2019-05-06 10:51:37.708369",,/BSO-2
26416,"97494.164062
","2019-05-06 10:51:47.775301",,/BSO-2
26418,"97492.265625
","2019-05-06 10:51:57.897171",,/BSO-2
26420,"97491.609375
","2019-05-06 10:52:07.971169",,/BSO-2
26422,"97492.476562
","2019-05-06 10:52:18.061842",,/BSO-2
26424,"97494.796875
","2019-05-06 10:52:28.118402",,/BSO-2
26426,"97494.015625
","2019-05-06 10:52:38.187035",,/BSO-2
26428,"97492.734375
","2019-05-06 10:52:48.258252",,/BSO-2
26457,"97664.796875
","2019-05-06 14:33:53.536740",,/BSO-2
26458,"97667.210938
","2019-05-06 14:34:07.856132",,/BSO-2
26459,"97665.796875
","2019-05-06 14:34:17.918282",,/BSO-2
26460,"97664.640625
","2019-05-06 14:34:27.987337",,/BSO-2
26461,"97664.812500
","2019-05-06 14:34:57.015478",,/BSO-2
26462,"97664.023438
","2019-05-06 14:34:57.463281",,/BSO-2
26463,"97664.890625
","2019-05-06 14:34:58.093997",,/BSO-2
26464,"97667.164062
","2019-05-06 14:35:08.157480",,/BSO-2
26465,"97666.296875
","2019-05-06 14:35:18.216285",,/BSO-2
26466,"97664.273438
","2019-05-06 14:35:28.286161",,/BSO-2
26467,"97666.898438
","2019-05-06 14:35:38.792966",,/BSO-2
26468,"97667.140625
","2019-05-06 14:35:47.825273",,/BSO-2
26469,"97663.265625
","2019-05-06 14:35:57.927609",,/BSO-2
26470,"97667.398438
","2019-05-06 14:36:08.469441",,/BSO-2
26471,"97665.960938
","2019-05-06 14:36:18.540572",,/BSO-2
26472,"97665.296875
","2019-05-06 14:36:28.599119",,/BSO-2
26473,"97665.296875
","2019-05-06 14:36:38.677256",,/BSO-2
26474,"97666.703125
","2019-05-06 14:36:48.737272",,/BSO-2
26475,"97666.781250
","2019-05-06 14:36:57.774667",,/BSO-2
26476,"97667.375000
","2019-05-06 14:37:07.856782",,/BSO-2
26477,"97666.757812
","2019-05-06 14:37:17.941028",,/BSO-2
26478,"97666.281250
","2019-05-06 14:37:28.008642",,/BSO-2
26479,"97666.007812
","2019-05-06 14:37:38.091842",,/BSO-2
26480,"97667.265625
","2019-05-06 14:37:48.178490",,/BSO-2
26481,"97666.101562
","2019-05-06 14:37:58.256460",,/BSO-2
26482,"97667.234375
","2019-05-06 14:38:08.348517",,/BSO-2
26483,"97669.203125
","2019-05-06 14:38:18.438977",,/BSO-2
26484,"97667.468750
","2019-05-06 14:38:28.507816",,/BSO-2
26485,"97665.882812
","2019-05-06 14:38:38.599942",,/BSO-2
26486,"97665.906250
","2019-05-06 14:38:48.667547",,/BSO-2
26487,"97666.250000
","2019-05-06 14:38:58.738911",,/BSO-2
26488,"97665.984375
","2019-05-06 14:39:07.762113",,/BSO-2
26489,"97665.289062
","2019-05-06 14:39:17.852030",,/BSO-2
26490,"97665.335938
","2019-05-06 14:39:27.917479",,/BSO-2
26491,"97666.210938
","2019-05-06 14:39:37.987802",,/BSO-2
26492,"97666.351562
","2019-05-06 14:39:48.061213",,/BSO-2
26493,"97666.859375
","2019-05-06 14:39:58.137775",,/BSO-2
26494,"97665.460938
","2019-05-06 14:40:08.218961",,/BSO-2
26495,"97665.281250
","2019-05-06 14:40:18.279000",,/BSO-2
26496,"97667.664062
","2019-05-06 14:40:28.358635",,/BSO-2
26497,"97668.257812
","2019-05-06 14:40:38.437825",,/BSO-2
26498,"97665.390625
","2019-05-06 14:40:48.508434",,/BSO-2
26499,"97666.140625
","2019-05-06 14:40:57.966344",,/BSO-2
26500,"97667.367188
","2019-05-06 14:41:08.027488",,/BSO-2
26501,"97669.117188
","2019-05-06 14:41:18.099410",,/BSO-2
26502,"97668.804688
","2019-05-06 14:41:28.170064",,/BSO-2
26503,"97669.140625
","2019-05-06 14:41:38.240778",,/BSO-2
26504,"97669.265625
","2019-05-06 14:41:48.318857",,/BSO-2
26505,"97666.414062
","2019-05-06 14:43:00.046785",,/BSO-2
26506,"97667.484375
","2019-05-06 14:43:10.124120",,/BSO-2
26507,"97668.031250
","2019-05-06 14:43:25.156944",,/BSO-2
26508,"97669.304688
","2019-05-06 14:43:30.196300",,/BSO-2
26509,"97668.210938
","2019-05-06 14:43:40.276797",,/BSO-2
26510,"97671.187500
","2019-05-06 14:44:27.107098",,/BSO-2
26511,"97670.039062
","2019-05-06 14:44:37.182222",,/BSO-2
26512,"97669.734375
","2019-05-06 14:44:47.270030",,/BSO-2
26513,"97670.593750
","2019-05-06 14:45:05.297674",,/BSO-2
26514,"97668.304688
","2019-05-06 14:45:07.337345",,/BSO-2
26515,"97670.507812
","2019-05-06 14:45:53.378957",,/BSO-2
26516,"97669.406250
","2019-05-06 14:45:54.699441",,/BSO-2
26517,"97667.750000
","2019-05-06 14:45:55.642104",,/BSO-2
26518,"97665.546875
","2019-05-06 14:51:45.803377",,/BSO-2
26519,"97665.578125
","2019-05-06 14:51:56.191531",,/BSO-2
26520,"97665.898438
","2019-05-06 14:52:43.235799",,/BSO-2
26521,"97668.765625
","2019-05-06 14:52:53.367411",,/BSO-2
26522,"97666.562500
","2019-05-06 14:53:16.404074",,/BSO-2
26523,"97665.734375
","2019-05-06 14:53:26.486301",,/BSO-2
26524,"97664.453125
","2019-05-06 14:53:35.522871",,/BSO-2
26525,"97663.593750
","2019-05-06 14:53:45.596427",,/BSO-2
26526,"97677.500000
","2019-05-06 14:53:48.658351",,/BSO-2
26527,"97662.734375
","2019-05-06 14:53:55.667505",,/BSO-2
26528,"97676.179688
","2019-05-06 14:53:58.740879",,/BSO-2
26529,"97662.296875
","2019-05-06 14:54:05.741934",,/BSO-2
26530,"97677.226562
","2019-05-06 14:54:08.802596",,/BSO-2
26531,"97662.523438
","2019-05-06 14:54:15.806960",,/BSO-2
26532,"97679.109375
","2019-05-06 14:54:18.875914",,/BSO-2
26533,"97664.226562
","2019-05-06 14:54:25.889990",,/BSO-2
26534,"97678.812500
","2019-05-06 14:54:28.933400",,/BSO-2
26535,"97665.203125
","2019-05-06 14:54:35.958220",,/BSO-2
26536,"97677.125000
","2019-05-06 14:54:39.000618",,/BSO-2
26537,"97665.734375
","2019-05-06 14:54:46.415719",,/BSO-2
26538,"97679.492188
","2019-05-06 14:54:49.085594",,/BSO-2
26539,"101274.671875
","2019-05-06 14:55:02.987641",,/BSO-2
26540,"97677.812500
","2019-05-06 14:55:13.440141",,/BSO-2
26541,"97674.664062
","2019-05-06 14:55:23.509811",,/BSO-2
26542,"97664.054688
","2019-05-06 14:55:31.777466",,/BSO-2
26543,"97673.921875
","2019-05-06 14:55:33.587845",,/BSO-2
26544,"97675.812500
","2019-05-06 14:55:43.662312",,/BSO-2
26545,"97664.953125
","2019-05-06 14:55:49.025803",,/BSO-2
26546,"97674.992188
","2019-05-06 14:55:53.731873",,/BSO-2
26547,"97665.226562
","2019-05-06 14:55:59.090376",,/BSO-2
26548,"97675.046875
","2019-05-06 14:56:03.799409",,/BSO-2
26549,"97662.671875
","2019-05-06 14:56:09.167927",,/BSO-2
26550,"97675.546875
","2019-05-06 14:56:13.866968",,/BSO-2
26551,"97665.109375
","2019-05-06 14:56:19.237583",,/BSO-2
26552,"97676.132812
","2019-05-06 14:56:22.918429",,/BSO-2
26553,"97664.226562
","2019-05-06 14:56:29.308487",,/BSO-2
26554,"97675.562500
","2019-05-06 14:56:32.990525",,/BSO-2
26555,"97665.523438
","2019-05-06 14:56:39.378561",,/BSO-2
26556,"97674.257812
","2019-05-06 14:56:43.052022",,/BSO-2
26557,"97664.132812
","2019-05-06 14:56:49.448838",,/BSO-2
26558,"97674.921875
","2019-05-06 14:56:53.115524",,/BSO-2
26559,"97663.484375
","2019-05-06 14:56:59.519106",,/BSO-2
26560,"97675.250000
","2019-05-06 14:57:03.180243",,/BSO-2
26561,"97665.046875
","2019-05-06 14:57:09.607751",,/BSO-2
26562,"97675.726562
","2019-05-06 14:57:13.267656",,/BSO-2
26563,"97664.687500
","2019-05-06 14:57:19.679344",,/BSO-2
26564,"97674.484375
","2019-05-06 14:57:23.755124",,/BSO-2
26565,"97663.796875
","2019-05-06 14:57:29.747380",,/BSO-2
26566,"97675.109375
","2019-05-06 14:57:33.820815",,/BSO-2
26567,"97663.828125
","2019-05-06 14:57:39.820844",,/BSO-2
26568,"97675.203125
","2019-05-06 14:57:43.900201",,/BSO-2
26569,"97665.218750
","2019-05-06 14:57:49.887019",,/BSO-2
26570,"97675.679688
","2019-05-06 14:57:52.930166",,/BSO-2
26571,"97663.671875
","2019-05-06 14:57:59.964584",,/BSO-2
26572,"97675.734375
","2019-05-06 14:58:03.034535",,/BSO-2
26573,"97665.234375
","2019-05-06 14:58:08.986988",,/BSO-2
26574,"97673.914062
","2019-05-06 14:58:13.091051",,/BSO-2
26575,"97661.890625
","2019-05-06 14:58:19.063150",,/BSO-2
26576,"97676.375000
","2019-05-06 14:58:23.150866",,/BSO-2
26577,"97662.601562
","2019-05-06 14:58:29.130236",,/BSO-2
26578,"97673.750000
","2019-05-06 14:58:33.234456",,/BSO-2
26579,"97663.578125
","2019-05-06 14:58:39.208294",,/BSO-2
26580,"97674.101562
","2019-05-06 14:58:43.302392",,/BSO-2
26581,"97662.812500
","2019-05-06 14:58:49.271055",,/BSO-2
26582,"97673.976562
","2019-05-06 14:58:53.364898",,/BSO-2
26583,"97662.554688
","2019-05-06 14:58:59.340167",,/BSO-2
26584,"97675.171875
","2019-05-06 14:59:03.447467",,/BSO-2
26585,"97661.632812
","2019-05-06 14:59:09.401033",,/BSO-2
26586,"97674.296875
","2019-05-06 14:59:13.518840",,/BSO-2
26587,"97662.046875
","2019-05-06 14:59:19.472465",,/BSO-2
26588,"97674.578125
","2019-05-06 14:59:23.607878",,/BSO-2
26589,"97664.054688
","2019-05-06 14:59:29.528317",,/BSO-2
26590,"97676.453125
","2019-05-06 14:59:33.685565",,/BSO-2
26591,"97663.179688
","2019-05-06 14:59:37.570072",,/BSO-2
26592,"97677.382812
","2019-05-06 14:59:43.743031",,/BSO-2
26593,"97677.539062
","2019-05-06 14:59:53.824112",,/BSO-2
26594,"97678.210938
","2019-05-06 15:00:03.893889",,/BSO-2
26595,"97678.976562
","2019-05-06 15:00:12.921821",,/BSO-2
26596,"97679.539062
","2019-05-06 15:00:23.003930",,/BSO-2
26597,"97677.882812
","2019-05-06 15:00:33.063241",,/BSO-2
26598,"97676.640625
","2019-05-06 15:00:43.135007",,/BSO-2
26599,"97676.710938
","2019-05-06 15:00:53.195514",,/BSO-2
26600,"97676.765625
","2019-05-06 15:01:03.289252",,/BSO-2
26601,"97676.054688
","2019-05-06 15:01:13.347378",,/BSO-2
26602,"97675.617188
","2019-05-06 15:01:23.420889",,/BSO-2
26603,"97675.851562
","2019-05-06 15:01:33.484827",,/BSO-2
26604,"97677.703125
","2019-05-06 15:01:43.577272",,/BSO-2
26605,"97677.375000
","2019-05-06 15:01:53.661614",,/BSO-2
26606,"97677.210938
","2019-05-06 15:02:03.747604",,/BSO-2
